Link Name,Center of Mass X,Center of Mass Y,Center of Mass Z,Center of Mass Roll,Center of Mass Pitch,Center of Mass Yaw,Mass,Moment Ixx,Moment Ixy,Moment Ixz,Moment Iyy,Moment Iyz,Moment Izz,Visual X,Visual Y,Visual Z,Visual Roll,Visual Pitch,Visual Yaw,Mesh Filename,Color Red,Color Green,Color Blue,Color Alpha,Collision X,Collision Y,Collision Z,Collision Roll,Collision Pitch,Collision Yaw,Collision Mesh Filename,Material Name,SW Components,Coordinate System,Axis Name,Joint Name,Joint Type,Joint Origin X,Joint Origin Y,Joint Origin Z,Joint Origin Roll,Joint Origin Pitch,Joint Origin Yaw,Parent,Joint Axis X,Joint Axis Y,Joint Axis Z,Limit Effort,Limit Velocity,Limit Lower,Limit Upper,Calibration rising,Calibration falling,Dynamics Damping,Dynamics Friction,Safety Soft Upper,Safety Soft Lower,Safety K Position,Safety K Velocity
right_hand,-0.0163102012995232,-0.320825495838358,0.126429362091926,0,0,0,0.0493229808047624,2.25735648396244E-05,-1.26985997507624E-07,6.65463986336816E-07,2.11116270310895E-05,-5.87144562095176E-08,1.30647594264724E-05,0,0,0,0,0,0,package://ROBOT/meshes/right_hand.STL,0.792156862745098,0.819607843137255,0.933333333333333,1,0,0,0,0,0,0,package://ROBOT/meshes/right_hand.STL,,Upper_Limb-1/RG_Servo_v2-4;Upper_Limb-1/Bracket_Upper lmb_lower casing-1,Origin_global,,,,0,0,0,0,0,0,,0,0,0,,,,,,,,,,,,
rt_hd1,9.3909E-05,-0.00979,0.017312,0,0,0,0.049323,4.2664E-05,1.7201E-07,-6.8049E-08,4.0589E-05,3.5033E-07,1.6628E-05,0,0,0,0,0,0,package://ROBOT/meshes/rt_hd1.STL,0.79216,0.81961,0.93333,1,0,0,0,0,0,0,package://ROBOT/meshes/rt_hd1.STL,,Upper_Limb-1/Bracket_Upper lmb_lower casing-1;Upper_Limb-1/RG_Servo_v2-3,Origin_rt32,,rt,revolute,-0.023125,-0.15415,-0.32088,1.8368,-1.4948,-0.22434,right_hand,0,0,0,0,0,0,0,,,,,,,,
rt_hd2,0.0057500927332548,4.7499678333604E-05,0.0109075904659741,0,0,0,0.0501133137381766,1.65111059589077E-05,4.78267941604931E-07,-2.66578912154405E-08,2.06736602892185E-05,-1.55047855929693E-07,2.33169587066814E-05,0,0,0,0,0,0,package://ROBOT/meshes/rt_hd2.STL,0.792156862745098,0.819607843137255,0.933333333333333,1,0,0,0,0,0,0,package://ROBOT/meshes/rt_hd2.STL,,Upper_Limb-1/RG_Servo_v2-3;Upper_Limb-1/Upper arm casing-1,Origin_rt33,,rt,fixed,-0.00755,-0.18573,-0.31154,3.0682,0.019969,-1.5299,right_hand,0,0,0,,,,,,,,,,,,
rt_hd3,-0.00484676359112225,2.44125605286527E-08,-0.00298838857301598,0,0,0,0.050113313824405,2.38157202616575E-05,-1.84776091071334E-12,-4.02421939436245E-06,2.99995688853337E-05,-1.37862058822309E-11,1.32245957314896E-05,0,0,0,0,0,0,package://ROBOT/meshes/rt_hd3.STL,0.792156862745098,0.819607843137255,0.933333333333333,1,0,0,0,0,0,0,package://ROBOT/meshes/rt_hd3.STL,,Upper_Limb-1/Upper arm casing-1;Upper_Limb-1/RG_Servo_v2-2,Origin_fx24,,fx,fixed,-0.0026959,-0.21758,-0.32348,-1.5508,0.073351,0.042402,right_hand,0,0,0,,,,,,,,,,,,
rt_hd4,2.23522811371168E-10,0.00393153342789736,0.0137953960035062,0,0,0,0.0381962747714163,1.32624398793731E-05,-1.66354324798115E-13,-2.24151992245795E-13,9.34323438966556E-06,-1.20717807146342E-06,7.24082080260025E-06,0,0,0,0,0,0,package://ROBOT/meshes/rt_hd4.STL,0.792156862745098,0.819607843137255,0.933333333333333,1,0,0,0,0,0,0,package://ROBOT/meshes/rt_hd4.STL,,Upper_Limb-1/RG_Servo_v2-2;Upper_Limb-1/Bracket_Upper limb_triceps-1,Origin_rt34,,rt,revolute,-0.007678,-0.21779,-0.32311,1.8368,-1.4948,-0.22434,right_hand,0,0,0,0,0,0,0,,,,,,,,
rt_hd5,-8.50326475898555E-11,0.000328251101244015,0.0108538213177902,0,0,0,0.03819627470815,1.21628762009816E-05,-1.23016712287117E-13,4.82609399814939E-14,6.86706659475975E-06,-1.72619012120363E-07,8.6174249188285E-06,0,0,0,0,0,0,package://ROBOT/meshes/rt_hd5.STL,0.792156862745098,0.819607843137255,0.933333333333333,1,0,0,0,0,0,0,package://ROBOT/meshes/rt_hd5.STL,,Upper_Limb-1/RG_Servo_v2-1;Upper_Limb-1/Bracket_Upper limb_triceps-1,Origin_fx25,,fx,fixed,-0.007663,-0.27908,-0.32415,-0.26601,1.4948,2.9173,right_hand,0,0,0,,,,,,,,,,,,
rt_hd6,-0.00243816110877965,0.00505451957643482,0.0108930196708061,0,0,0,0.043299300983994,1.5001308432416E-05,8.76401321743241E-07,1.12939493216323E-08,1.19369791910267E-05,-1.78242525394842E-07,9.44799128511338E-06,0,0,0,0,0,0,package://ROBOT/meshes/rt_hd6.STL,0.792156862745098,0.819607843137255,0.933333333333333,1,0,0,0,0,0,0,package://ROBOT/meshes/rt_hd6.STL,,Upper_Limb-1/RG_Servo_v2-1;C_Bracket_RG Servo-1,Origin_rt35,,rt,revolute,-0.007663,-0.27908,-0.32415,-0.26601,1.4948,2.9173,right_hand,0,0,0,0,0,0,0,,,,,,,,
rt_cst,-0.00841563377050301,-0.000231137329817166,-0.0169685084565206,0,0,0,0.0432993009628729,1.55584781899671E-05,-1.15680894547992E-07,-2.68839640850832E-06,2.30385028200833E-05,-7.38373932064552E-08,1.16071566431264E-05,0,0,0,0,0,0,package://ROBOT/meshes/rt_cst.STL,0.792156862745098,0.819607843137255,0.933333333333333,1,0,0,0,0,0,0,package://ROBOT/meshes/rt_cst.STL,,C_Bracket_RG Servo-1;RG_Servo_v2-2,Origin_rt36,,rt,revolute,-0.016526,-0.29316,-0.30267,3.1325,-0.073351,-3.0992,right_hand,0,0,0,0,0,0,0,,,,,,,,
cst_rt,0.0012095017627321,0.000332834649199532,-0.0279268978027123,0,0,0,0.0918990177142678,0.000241737402962432,9.24812875068998E-08,2.5645126695812E-06,0.000225183352834302,-5.53817557914628E-06,6.48363982711543E-05,0,0,0,0,0,0,package://ROBOT/meshes/cst_rt.STL,0.792156862745098,0.819607843137255,0.933333333333333,1,0,0,0,0,0,0,package://ROBOT/meshes/cst_rt.STL,,RG_Servo_v2-2;Chest-1,Origin_fx26,,fx,fixed,-0.00050596,-0.29317,-0.26901,3.068,0.0070435,-1.5564,right_hand,0,0,0,,,,,,,,,,,,
cst_lt,-0.0980734226650701,-0.000832834660747147,-0.0227904982943271,0,0,0,0.0918990178236686,6.48363982956443E-05,-5.53460313763369E-06,-2.56476684600549E-06,0.000225181994494674,-9.24813596267292E-08,0.000241736044621761,0,0,0,0,0,0,package://ROBOT/meshes/cst_lt.STL,0.792156862745098,0.819607843137255,0.933333333333333,1,0,0,0,0,0,0,package://ROBOT/meshes/cst_lt.STL,,Chest-1;RG_Servo_v2-1,Origin_fx27,Axis_fx,fx,fixed,-0.00142939132393,-0.317012877198,-0.293147080334,-1.66632549051638,1.49688624686296,3.06067372934955,right_hand,0,0,0,,,,,,,,,,,,
lt_cst,0.00841563376122022,-0.000231137209976306,-0.0169685084145507,0,0,0,0.0432993010722741,1.55584781766831E-05,1.15680940890512E-07,2.68839642147574E-06,2.30385028056689E-05,-7.38374292204935E-08,1.1607156647348E-05,0,0,0,0,0,0,package://ROBOT/meshes/lt_cst.STL,0.792156862745098,0.819607843137255,0.933333333333333,1,0,0,0,0,0,0,package://ROBOT/meshes/lt_cst.STL,,C_Bracket_RG Servo-2;RG_Servo_v2-1,Origin_rt37,,rt,revolute,-0.003903,-0.29418,-0.13164,0.0090834,0.073351,0.042402,right_hand,0,0,0,0,0,0,0,,,,,,,,
lt_hd1,0.000106980329266296,0.00841830354937323,0.0186537879185594,0,0,0,0.043299300983994,9.48688373067974E-06,-1.78355407084667E-07,-1.3245880327693E-08,1.19570652156664E-05,-9.34886069552039E-07,1.50201148533426E-05,0,0,0,0,0,0,package://ROBOT/meshes/lt_hd1.STL,0.792156862745098,0.819607843137255,0.933333333333333,1,0,0,0,0,0,0,package://ROBOT/meshes/lt_hd1.STL,,C_Bracket_RG Servo-2;Upper_Limb-2/RG_Servo_v2-1,Origin_rt38,,rt,revolute,-0.003903,-0.29418,-0.13164,0.0090834,0.073351,0.042402,right_hand,0,0,0,0,0,0,0,,,,,,,,
lt_hd2,-8.50326337120677E-11,0.000328251101244015,0.0108538213177902,0,0,0,0.03819627470815,1.21628762009817E-05,-1.23016714219411E-13,4.82609396330441E-14,6.86706659475976E-06,-1.72619012120358E-07,8.61742491882852E-06,0,0,0,0,0,0,package://ROBOT/meshes/lt_hd2.STL,0.792156862745098,0.819607843137255,0.933333333333333,1,0,0,0,0,0,0,package://ROBOT/meshes/lt_hd2.STL,,Upper_Limb-2/RG_Servo_v2-1;Upper_Limb-2/Bracket_Upper limb_triceps-1,Origin_fx28,Axis_fx,fx,fixed,0.00805084910969468,-0.280357349061473,-0.111231721518142,-0.266008567705967,1.49476650262346,2.9172512369486,right_hand,0,0,0,,,,,,,,,,,,
lt_hd3,-0.00956846657210266,-2.23522755860017E-10,-0.0209546039964937,0,0,0,0.0381962747714163,9.34323438966557E-06,1.66354317915973E-13,-1.20717807146344E-06,1.32624398793731E-05,2.24151996732423E-13,7.24082080260028E-06,0,0,0,0,0,0,package://ROBOT/meshes/lt_hd3.STL,0.792156862745098,0.819607843137255,0.933333333333333,1,0,0,0,0,0,0,package://ROBOT/meshes/lt_hd3.STL,,Upper_Limb-2/Bracket_Upper limb_triceps-1;Upper_Limb-2/RG_Servo_v2-2,Origin_rt39,,rt,revolute,-0.003994,-0.25435,-0.1099,-1.5908,-0.073351,-3.0992,right_hand,0,0,0,0,0,0,0,,,,,,,,
lt_hd4,-2.44231346951951E-08,-0.000153236424689333,0.00298838857706041,0,0,0,0.0501133137811359,2.99995688719413E-05,-1.83754952856424E-12,-1.37878401626342E-11,2.38157202557425E-05,-4.02421939620079E-06,1.32245957105065E-05,0,0,0,0,0,0,package://ROBOT/meshes/lt_hd4.STL,0.792156862745098,0.819607843137255,0.933333333333333,1,0,0,0,0,0,0,package://ROBOT/meshes/lt_hd4.STL,,Upper_Limb-2/RG_Servo_v2-2;Upper_Limb-2/Upper arm casing-1,Origin_fx29,Axis_fx,fx,fixed,0.00803586083000803,-0.219065171112886,-0.110191914963894,1.83680489450086,-1.49476650262346,-0.224341416641182,right_hand,0,0,0,,,,,,,,,,,,
lt_hd5,-0.00441236431034694,-9.24095235315253E-05,0.0264999072881617,0,0,0,0.0501133136949076,2.06736602577293E-05,1.55047866296302E-07,4.78267963598491E-07,2.33169586669206E-05,2.66579051080509E-08,1.65111059373256E-05,0,0,0,0,0,0,package://ROBOT/meshes/lt_hd5.STL,0.792156862745098,0.819607843137255,0.933333333333333,1,0,0,0,0,0,0,package://ROBOT/meshes/lt_hd5.STL,,Upper_Limb-2/Upper arm casing-1;Upper_Limb-2/RG_Servo_v2-3,Origin_fx30,Axis_fx,fx,fixed,0.0130179339765078,-0.218853795298466,-0.110558340164998,-1.55077349216558,0.0733507978949842,0.0424018504554837,right_hand,0,0,0,,,,,,,,,,,,
lt_hd6,-0.0146881564425663,0.00371003647803711,0.0109060909485982,0,0,0,0.0493229807559933,1.6628002616694E-05,3.50330933028167E-07,6.80489031248817E-08,4.05891434658861E-05,-1.72009179610243E-07,4.26637553671881E-05,0,0,0,0,0,0,package://ROBOT/meshes/lt_hd6.STL,0.792156862745098,0.819607843137255,0.933333333333333,1,0,0,0,0,0,0,package://ROBOT/meshes/lt_hd6.STL,,Upper_Limb-2/RG_Servo_v2-3;Upper_Limb-2/Bracket_Upper lmb_lower casing-1,Origin_rt40,,rt,revolute,0.0081638,-0.18701,-0.098626,3.0682,0.019969,-1.5299,right_hand,0,0,0,0,0,0,0,,,,,,,,
lt_hd7,4.14234391845061E-05,-0.0020844728137468,0.0109060909682032,0,0,0,0.0493229807964677,2.25108373627529E-05,1.06782585893629E-06,-1.85906393933654E-10,1.31408335366653E-05,-1.451709188695E-07,2.10982801753563E-05,0,0,0,0,0,0,package://ROBOT/meshes/lt_hd7.STL,0.792156862745098,0.819607843137255,0.933333333333333,1,0,0,0,0,0,0,package://ROBOT/meshes/lt_hd7.STL,,Upper_Limb-2/RG_Servo_v2-4;Upper_Limb-2/Bracket_Upper lmb_lower casing-1,Origin_fx31,,fx,fixed,0.00016727,-0.1258,-0.096995,3.1216,-0.073351,-3.0992,right_hand,0,0,0,,,,,,,,,,,,
cst1,-0.0749561949098609,0.000367912525850533,-0.0341951480814911,0,0,0,0.105414189800197,9.35688631138857E-05,3.47227642609798E-09,-7.46273702126754E-08,0.000170739562423277,-3.95308803249801E-07,0.000162493429960558,0,0,0,0,0,0,package://ROBOT/meshes/cst1.STL,0.792156862745098,0.819607843137255,0.933333333333333,1,0,0,0,0,0,0,package://ROBOT/meshes/cst1.STL,,Chest-1;RG_Servo_v2-3;Chest roll casing-1,Origin_fx32,Axis_fx,fx,fixed,-0.00142939132393,-0.317012877198,-0.293147080334,-1.66632549051638,1.49688624686296,3.06067372934955,right_hand,0,0,0,,,,,,,,,,,,
cst2,-0.0111147614639186,-0.000149111921576073,0.0409998957563056,0,0,0,0.0454129361400356,2.43683873018828E-05,-9.41512956926881E-09,1.75125856005546E-06,1.8403940737326E-05,1.99275730078987E-07,1.24281212473909E-05,0,0,0,0,0,0,package://ROBOT/meshes/cst2.STL,0.792156862745098,0.819607843137255,0.933333333333333,1,0,0,0,0,0,0,package://ROBOT/meshes/cst2.STL,,Trunk_motor casing-1;RG_Servo_v2-3,Origin_rt41,,rt,revolute,0.015073,-0.21397,-0.21854,1.5779,0.073572,0.01487,right_hand,0,0,0,0,0,0,0,,,,,,,,
cst3,-0.00329223426869855,-4.71106921552666E-05,-0.000753427526618611,0,0,0,0.0454129361444135,1.65143531370858E-05,-1.97342707351884E-08,1.28617390487537E-06,1.72888572470231E-05,8.36486511803466E-08,1.2340973461751E-05,0,0,0,0,0,0,package://ROBOT/meshes/cst3.STL,0.792156862745098,0.819607843137255,0.933333333333333,1,0,0,0,0,0,0,package://ROBOT/meshes/cst3.STL,,Trunk_motor casing-1;RG_Servo_v2-4,Origin_fx33,,fx,fixed,0.015073,-0.21397,-0.21854,1.5779,0.073572,0.01487,right_hand,0,0,0,,,,,,,,,,,,
cst4,1.04619559292973E-05,-0.0178256199360709,0.0117378412760603,0,0,0,0.0562812324148324,6.85134645728968E-05,-3.06231197591081E-09,-9.01826718457396E-09,3.48587823512413E-05,5.49342364277868E-06,4.21945696036351E-05,0,0,0,0,0,0,package://ROBOT/meshes/cst4.STL,0.792156862745098,0.819607843137255,0.933333333333333,1,0,0,0,0,0,0,package://ROBOT/meshes/cst4.STL,,Stomach_pitch yaw_motor casing-1;RG_Servo_v2-4,Origin_rt42,,rt,revolute,-0.0099509,-0.18109,-0.21655,1.6684,-1.4985,-0.083037,right_hand,0,0,0,0,0,0,0,,,,,,,,
cst5,7.17940566996589E-08,0.00232685531102898,-0.0231268282321002,0,0,0,0.0562812324162897,5.71181943943501E-05,-2.35269600407406E-10,-3.16310788894671E-11,1.93321110603632E-05,4.91237966157048E-06,4.63259455463838E-05,0,0,0,0,0,0,package://ROBOT/meshes/cst5.STL,0.792156862745098,0.819607843137255,0.933333333333333,1,0,0,0,0,0,0,package://ROBOT/meshes/cst5.STL,,Stomach_pitch yaw_motor casing-1;RG_Servo_v2-5,Origin_rt43,,rt,revolute,-0.0099509,-0.18109,-0.21655,1.6684,-1.4985,-0.083037,right_hand,0,0,0,0,0,0,0,,,,,,,,
cst6,0.0228074261698338,0.00286455764086471,0.0109324260800749,0,0,0,0.0685497524849513,1.56196607454881E-05,-1.68098283036221E-07,-1.05647877872524E-07,4.78770015893145E-05,-1.68098218751353E-07,5.12774678144984E-05,0,0,0,0,0,0,package://ROBOT/meshes/cst6.STL,0.792156862745098,0.819607843137255,0.933333333333333,1,0,0,0,0,0,0,package://ROBOT/meshes/cst6.STL,,RG_Servo_v2-6;RG_Servo_v2-5,Origin_rt44,,rt,revolute,0.025352,-0.15314,-0.2079,3.1345,-0.071968,-3.1267,right_hand,0,0,0,0,0,0,0,,,,,,,,
hp1,-8.57154097699819E-10,0.013856822737,0.0109072047120802,0,0,0,0.0499157348985926,3.20265262553574E-05,1.3558663023034E-14,8.25536386236678E-13,1.46277773454512E-05,-2.19017208135167E-07,2.31283636348029E-05,0,0,0,0,0,0,package://ROBOT/meshes/hp1.STL,0.792156862745098,0.819607843137255,0.933333333333333,1,0,0,0,0,0,0,package://ROBOT/meshes/hp1.STL,,RG_Servo_v2-6;Hip-1,Origin_rt45,,rt,revolute,0.025352,-0.15314,-0.2079,3.1345,-0.071968,-3.1267,right_hand,0,0,0,0,0,0,0,,,,,,,,
hp_rt1,-0.0137330994169311,9.27989081861147E-05,-0.017368802246405,0,0,0,0.0499157349123274,1.91009717947468E-05,2.90291642749719E-08,-4.98125559616705E-06,2.54680194000843E-05,2.01760384538352E-07,1.89237189532345E-05,0,0,0,0,0,0,package://ROBOT/meshes/hp_rt1.STL,0.792156862745098,0.819607843137255,0.933333333333333,1,0,0,0,0,0,0,package://ROBOT/meshes/hp_rt1.STL,,Hip-1;RG_Servo_v2-8,Origin_rt46,,rt,revolute,0.024036,-0.11658,-0.21862,1.6684,-1.4985,-0.083037,right_hand,0,0,0,0,0,0,0,,,,,,,,
hp_rt2,-0.0087431021636763,0.00540360861466785,0.0125403225774553,0,0,0,0.047938077303404,1.68682701597341E-05,2.53302986228072E-06,2.87257073364894E-06,2.42959600825018E-05,-6.1713092467998E-07,2.06303179867235E-05,0,0,0,0,0,0,package://ROBOT/meshes/hp_rt2.STL,0.792156862745098,0.819607843137255,0.933333333333333,1,0,0,0,0,0,0,package://ROBOT/meshes/hp_rt2.STL,,RG_Servo_v2-8;Legs_Roll Bracket-1,Origin_rt47,,rt,revolute,0.011231,-0.089122,-0.23758,-3.044,-1.4985,-0.083037,right_hand,0,0,0,0,0,0,0,,,,,,,,
hp_rt3,-0.000482570708724407,9.66305064008105E-05,-0.0109311508866686,0,0,0,0.0479380772810748,1.26598713367001E-05,1.58387198391657E-07,-8.66079184887497E-08,1.72870240808461E-05,1.88457580545194E-08,1.62767978451239E-05,0,0,0,0,0,0,package://ROBOT/meshes/hp_rt3.STL,0.792156862745098,0.819607843137255,0.933333333333333,1,0,0,0,0,0,0,package://ROBOT/meshes/hp_rt3.STL,,Legs_Roll Bracket-1;RG_Servo_v2-11,Origin_fx34,,fx,fixed,0.020214,-0.10059,-0.26833,-0.063303,-0.071968,-3.1267,right_hand,0,0,0,,,,,,,,,,,,
rt_lg1,-8.41863764822204E-05,0.00351783739731356,0.0183325992979206,0,0,0,0.0414933758038653,2.31207986712755E-05,2.95190912565175E-08,1.24358814048749E-07,1.99125689543019E-05,-1.10233923425964E-06,7.96042627964065E-06,0,0,0,0,0,0,package://ROBOT/meshes/rt_lg1.STL,0.792156862745098,0.819607843137255,0.933333333333333,1,0,0,0,0,0,0,package://ROBOT/meshes/rt_lg1.STL,,RG_Servo_v2-11;Leg_Upper pitch motor casing-2,Origin_rt48,,rt,revolute,0.020484,-0.11062,-0.28405,0.85056,1.475,2.4339,right_hand,0,0,0,0,0,0,0,,,,,,,,
rt_lg2,0.000688745760205875,0.000992353189250365,0.0108904154603287,0,0,0,0.0414933758146091,1.19789886667809E-05,2.27163438691079E-07,-2.02928460914557E-09,9.01878841763455E-06,-1.60357527519252E-07,9.41900232814107E-06,0,0,0,0,0,0,package://ROBOT/meshes/rt_lg2.STL,0.792156862745098,0.819607843137255,0.933333333333333,1,0,0,0,0,0,0,package://ROBOT/meshes/rt_lg2.STL,,RG_Servo_v2-12;Leg_Upper pitch motor casing-2,Origin_fx35,Axis_fx,fx,fixed,0.00543570504665,-0.0538904598507,-0.268452359008,3.14140942411946,0.0631387624489715,-1.56049544925053,right_hand,0,0,0,,,,,,,,,,,,
rt_lg3,-0.00404781572665997,-0.0266874812354188,-8.59076009451787E-06,0,0,0,0.0740400414140271,0.000100990389620268,-1.52351596000592E-07,9.11967136649736E-06,9.53340340730935E-05,-1.48317631992579E-07,3.81665613533818E-05,0,0,0,0,0,0,package://ROBOT/meshes/rt_lg3.STL,0.792156862745098,0.819607843137255,0.933333333333333,1,0,0,0,0,0,0,package://ROBOT/meshes/rt_lg3.STL,,Thigh-2;RG_Servo_v2-12,Origin_rt49,,rt,revolute,0.0083244,-0.024167,-0.25079,1.6339,-0.0025335,0.053289,right_hand,0,0,0,0,0,0,0,,,,,,,,
rt_lg4,-0.00530501662063031,-0.0268126073717327,-0.0429782619172672,0,0,0,0.0740400414644888,6.91399407384848E-05,-2.1980281023325E-08,-3.12183677517309E-06,6.08379153399E-05,7.8483093553375E-08,3.55208898740706E-05,0,0,0,0,0,0,package://ROBOT/meshes/rt_lg4.STL,0.792156862745098,0.819607843137255,0.933333333333333,1,0,0,0,0,0,0,package://ROBOT/meshes/rt_lg4.STL,,Thigh-2;RG_Servo_v2-15,Origin_fx36,Axis_fx,fx,fixed,0.0083244276118,-0.0241670668902,-0.250794284233,1.63388457096017,-0.00253353869483999,0.0532886430594931,right_hand,0,0,0,,,,,,,,,,,,
rt_lg5,0.00852259596529196,0.0303891400185281,0.0109323503568117,0,0,0,0.0701514630686541,8.71430357781965E-05,-1.67258376309919E-05,-3.6926612828399E-08,3.35907606332375E-05,-2.93849542815166E-07,8.18867666751845E-05,0,0,0,0,0,0,package://ROBOT/meshes/rt_lg5.STL,0.792156862745098,0.819607843137255,0.933333333333333,1,0,0,0,0,0,0,package://ROBOT/meshes/rt_lg5.STL,,RG_Servo_v2-15;Lower Limb-2,Origin_rt50,,rt,revolute,-0.0049552,0.036974,-0.28474,0.063088,-0.0025335,0.053289,right_hand,0,0,0,0,0,0,0,,,,,,,,
rt_lg6,0.0219555220460636,0.0266823503573657,-0.0452405308316412,0,0,0,0.0701514630687214,5.61017514378888E-05,-1.62132875168818E-08,-3.72682601338907E-06,4.69455324581275E-05,9.17997011769697E-08,2.96908107569131E-05,0,0,0,0,0,0,package://ROBOT/meshes/rt_lg6.STL,0.792156862745098,0.819607843137255,0.933333333333333,1,0,0,0,0,0,0,package://ROBOT/meshes/rt_lg6.STL,,Lower Limb-2;RG_Servo_v2-16,Origin_fx37,Axis_fx,fx,fixed,-0.0168228230341,0.0662916477519,-0.298661529477,1.63393480752987,0.000263048397864927,0.0090441589143757,right_hand,0,0,0,,,,,,,,,,,,
hp_lt1,0.0137330903988257,9.27989116942946E-05,-0.0173688022462875,0,0,0,0.0499157349123274,1.91009717946765E-05,-2.90308512759053E-08,4.98127202954983E-06,2.54680319796883E-05,2.01760385810593E-07,1.89237315329384E-05,0,0,0,0,0,0,package://ROBOT/meshes/hp_lt1.STL,0.792156862745098,0.819607843137255,0.933333333333333,1,0,0,0,0,0,0,package://ROBOT/meshes/hp_lt1.STL,,Hip-1;RG_Servo_v2-7,Origin_rt51,,rt,revolute,0.024036,-0.11658,-0.21862,1.6684,-1.4985,-0.083037,right_hand,0,0,0,0,0,0,0,,,,,,,,
hp_lt2,0.00874310176562484,0.00638808512223578,0.0125403217174583,0,0,0,0.0479380757797619,1.75860092103292E-05,-3.84118916549211E-06,-2.87257020782761E-06,2.42959591990468E-05,-9.40578391886995E-07,2.13480570151882E-05,0,0,0,0,0,0,package://ROBOT/meshes/hp_lt2.STL,0.792156862745098,0.819607843137255,0.933333333333333,1,0,0,0,0,0,0,package://ROBOT/meshes/hp_lt2.STL,,RG_Servo_v2-7;Legs_Roll Bracket-2,Origin_rt52,,rt,revolute,0.014111,-0.089362,-0.19769,-3.044,-1.4985,-0.083037,right_hand,0,0,0,0,0,0,0,,,,,,,,
hp_lt3,-0.000482569813991182,-9.66258726435854E-05,-0.0109311512763113,0,0,0,0.0479380757574327,1.26598709522666E-05,-1.58380657920075E-07,-8.66087450714375E-08,1.72870231563049E-05,-1.88495607500301E-08,1.62767973450486E-05,0,0,0,0,0,0,package://ROBOT/meshes/hp_lt3.STL,0.792156862745098,0.819607843137255,0.933333333333333,1,0,0,0,0,0,0,package://ROBOT/meshes/hp_lt3.STL,,Legs_Roll Bracket-2;RG_Servo_v2-10,Origin_rt53,,rt,revolute,0.027456,-0.10456,-0.16871,3.0783,-0.071968,-3.1267,right_hand,0,0,0,0,0,0,0,,,,,,,,
lt_lg1,-2.95772709768549E-07,0.00351488038915587,0.0183325991072477,0,0,0,0.0414933757377172,2.31188086408067E-05,-1.09505033109985E-09,-9.51759403378682E-10,1.99124021809363E-05,-1.09801973207462E-06,7.95827040010207E-06,0,0,0,0,0,0,package://ROBOT/meshes/lt_lg1.STL,0.792156862745098,0.819607843137255,0.933333333333333,1,0,0,0,0,0,0,package://ROBOT/meshes/lt_lg1.STL,,RG_Servo_v2-10;Leg_Upper pitch motor casing-1,Origin_rt54,,rt,revolute,0.029906,-0.11645,-0.15456,0.85056,1.475,2.4339,right_hand,0,0,0,0,0,0,0,,,,,,,,
lt_lg2,-0.000688745763734136,0.000992353127156006,0.0108863118241491,0,0,0,0.041493375802569,1.19789506193347E-05,-2.27163517539996E-07,4.35155115649688E-09,9.01875040726302E-06,-1.58494190433054E-07,9.41900240862501E-06,0,0,0,0,0,0,package://ROBOT/meshes/lt_lg2.STL,0.792156862745098,0.819607843137255,0.933333333333333,1,0,0,0,0,0,0,package://ROBOT/meshes/lt_lg2.STL,,RG_Servo_v2-9;Leg_Upper pitch motor casing-1,Origin_fx38,Axis_fx,fx,fixed,0.0140734106281718,-0.0583530216005303,-0.160829053700392,0.070155769851146,-0.0631387624530931,1.58109720437816,right_hand,0,0,0,,,,,,,,,,,,
lt_lg3,0.0304788580304306,0.00395456089024675,0.0109373932276191,0,0,0,0.0740400440387013,3.73164821006365E-05,3.37879928745558E-07,-1.41220805282223E-07,0.000101258395525317,-1.73319653423741E-07,9.47519628093113E-05,0,0,0,0,0,0,package://ROBOT/meshes/lt_lg3.STL,0.792156862745098,0.819607843137255,0.933333333333333,1,0,0,0,0,0,0,package://ROBOT/meshes/lt_lg3.STL,,RG_Servo_v2-9;Thigh-1,Origin_rt55,,rt,revolute,0.014073,-0.058353,-0.16083,0.070156,-0.063139,1.5811,right_hand,0,0,0,0,0,0,0,,,,,,,,
lt_lg4,-0.00530501575270741,-0.026812606772486,-0.0429782606527737,0,0,0,0.0740400440383718,6.91399435935343E-05,-2.19825630223205E-08,-3.12183990760291E-06,6.0837919061258E-05,7.84816130956102E-08,3.55208902839098E-05,0,0,0,0,0,0,package://ROBOT/meshes/lt_lg4.STL,0.792156862745098,0.819607843137255,0.933333333333333,1,0,0,0,0,0,0,package://ROBOT/meshes/lt_lg4.STL,,Thigh-1;RG_Servo_v2-13,Origin_fx39,Axis_fx,fx,fixed,0.0138501539311,-0.030246269822,-0.121138034793,1.63703793271122,0.067234340943287,0.0577135005052033,right_hand,0,0,0,,,,,,,,,,,,
lt_lg5,0.00753231060940665,0.0307462076194768,0.0109323121169543,0,0,0,0.0701514620457734,8.85497897233735E-05,-1.48870987899351E-05,-3.23741966855435E-08,3.24444067395609E-05,-2.95338075617272E-07,8.21470822034564E-05,0,0,0,0,0,0,package://ROBOT/meshes/lt_lg5.STL,0.792156862745098,0.819607843137255,0.933333333333333,1,0,0,0,0,0,0,package://ROBOT/meshes/lt_lg5.STL,,RG_Servo_v2-13;Lower Limb-1,Origin_rt56,,rt,revolute,-0.0020314,0.030808,-0.15411,0.066242,0.067234,0.057714,right_hand,0,0,0,0,0,0,0,,,,,,,,
lt_lg6,0,0,0,0,0,0,0,0,0,0,0,0,0,0,0,0,0,0,0,package://ROBOT/meshes/lt_lg6.STL,1,1,1,1,0,0,0,0,0,0,package://ROBOT/meshes/lt_lg6.STL,,RG_Servo_v2-14;Lower Limb-1,Origin_fx40,Axis_fx,fx,fixed,0.000256680164393,0.118894219031,-0.148770335178,0.0662509227580857,0.067225160797709,0.0578521870803215,right_hand,0,0,0,,,,,,,,,,,,
